{
  "pitch": {
    "girls_mean": 288.49507486243056,
    "girls_std": 57.99750380606904,
    "boys_mean": 290.81606399221215,
    "boys_std": 45.36164490979019,
    "t_statistic": -0.26715505212998636,
    "p_value": 0.7897293757998022,
    "cohen_d": -0.04457925517776343,
    "significant": false
  },
  "f1": {
    "girls_mean": 633.4383119279428,
    "girls_std": 181.29977958616374,
    "boys_mean": 653.4342144458546,
    "boys_std": 130.77484132188752,
    "t_statistic": -0.7571442764163935,
    "p_value": 0.4501920135431672,
    "cohen_d": -0.1265010354871412,
    "significant": false
  },
  "f2": {
    "girls_mean": 1483.6419228841444,
    "girls_std": 587.460853246295,
    "boys_mean": 1598.7652485574295,
    "boys_std": 426.70075758423445,
    "t_statistic": -1.3422323052786327,
    "p_value": 0.1816184978085898,
    "cohen_d": -0.2242318502700368,
    "significant": false
  }
}